HRDB0012,Club Dubrovnik Sunny Hotel by Valamar,Babin Kuk
HRDB0021,Dubrovnik President Valamar Collection,Babin Kuk
HRDB0023,Tirena Sunny Hotel by Valamar,Babin Kuk
HRDB0011,Valamar Argosy Hotel,Babin Kuk
HRDB0022,Valamar Lacroma Dubrovnik Hotel,Babin Kuk
HRDB0028,Hotel Albatros,Cavtat
HRDB0017,Hotel Croatia,Cavtat
HRDB0029,Hotel Epidaurus,Cavtat
X9164481,Villa Royal,Cavtat
X9106110,Bellevue Dubrovnik,Dubrovnik
X9115938,Berkeley,Dubrovnik
X9118395,Boutique hotel More,Dubrovnik
X9129950,Dubrovnik Lapad Apartments,Dubrovnik
X9052493,Grand Hotel Park,Dubrovnik
X9099345,Hilton Imperial,Dubrovnik
HRDB0016,Hotel Dubrovnik Palace,Dubrovnik
HRDB0018,Hotel Kompas Dubrovnik,Dubrovnik
HRDB0001,Hotel Lapad,Dubrovnik
X9092108,Royal Ariston,Dubrovnik
X9527201,Royal Blue Hotel,Dubrovnik
X9188873,Royal Princess Hotel,Dubrovnik
X9164887,Villa Glavic,Dubrovnik
HRDB0005,Grand Villa Argentina,Dubrovnik Old Town
HRDB0003,Hotel Excelsior Dubrovnik,Dubrovnik Old Town
X9110521,Lero,Dubrovnik
HRDB0015,Rixos Premium Dubrovnik,Dubrovnik
X9151324,Adria Dubrovnik,Dubrovnik
X9014931,Uvala,Dubrovnik
X9118394,Sun Gardens Dubrovnik,Orašac
X9127808,Aminess Grand Azur Hotel,Orebić
X9101814,Admiral Grand Hotel,Slano
X9361305,Apartments Vila Riva,Slano
X9013985,Hotel AMINESS Laguna,Novigrad
X9609401,Aparthotel Adeo,Porec
HRIR0014,Crystal Sunny Hotel by Valamar,Porec
HRIR0020,Marea Valamar Collection Suites,Porec
HRIR0016,Rubin Sunny Hotel by Valamar,Porec
HRIR0007,Valamar Diamant Hotel,Porec
X9164371,Valamar Diamant Residence,Porec
HRIR0015,Valamar Parentino Hotel,Porec
HRIR0012,Valamar Pinia Hotel,Porec
HRIR0005,Valamar Tamaris Resort,Porec
X9396420,Park Plaza Arena Pula,Pula
X9019529,Park Plaza Belvedere,Medulin
X9019532,Park Plaza Histria,Pula
HRIR0025,Allegro Sunny Hotel by Valamar,Rabac
HRIR0017,GIRANDELLA Valamar Collection Resort designed for Adults,Rabac
HRIR0018,GIRANDELLA Valamar Collection Resort Girandella Family,Rabac
HRIR0019,Miramar Sunny Hotel by Valamar,Rabac
HRIR0006,Valamar Bellevue Resort,Rabac
X9112434,Valamar Sanfior Hotel & Casa,Rabac
X9106057,Family Hotel Amarin,Rovinj
X9090702,Hotel Eden,Rovinj
X9090704,Hotel Monte Mulini,Rovinj
X9090703,Island Hotel Istra,Rovinj
X9106056,Island Hotel Katarina,Rovinj
X9125637,Apartments Sol Stella for Plava Laguna,Umag
X9018911,Hotel Melia Coral for Plava Laguna,Umag
X9106432,Hotel Sol Aurora for Plava Laguna,Umag
X9018912,Hotel Sol Umag for Plava Laguna,Umag
X9091402,Belvedere Resort Apartments,Vrsar
X9090705,Resort Petalon Rooms,Vrsar
X9133330,Bluesun Hotel Elaphusa,Bol (Brac)
X9341004,Bluesun Hotel Velaris,Supetar (Brac)
HRSP0012,Gava Waterman Island Cottages,Milna (Brac)
HRSP0013,Gava Waterman Milna Resort,Milna (Brac)
HRSP0014,Hotel Osam,Supetar (Brac)
HRSP0042,Milna Osam Adults only,Milna (Brac)
HRSP0016,Waterman Beach Village Bungalows,Supetar (Brac)
HRSP0026,Waterman Kaktus Resort,Supetar (Brac)
X9195130,Bluesun Hotel Marina,Brela
X9195129,Bluesun Hotel Soline,Brela
HRSP0003,Adriana Hvar Spa Hotel,Hvar
HRSP0006,Amfora Hvar Grand Beach Resort,Hvar
HRSP0049,Hvar PLACESHOTEL by Valamar,Stari Grad (Hvar)
HRSP0050,Labranda Senses Resort Hvar,Vrboska (Hvar)
X9114038,Palace Elisabeth Hvar Heritage Hotel,Hvar
HRSP0010,Pharos Hvar Bayhill Hotel,Hvar
X9076243,Bluesun Hotel Neptun,Tucepi
HRDB0024,Dalmacija PLACESHOTEL by Valamar,Makarska
HRSP0030,Hotel Park Makarska,Makarska
X9454201,Medora Auri Family Beach Hotel,Podgora
HRSP0001,Valamar Meteor Hotel,Makarska
X9392058,Villa Andrea,Tucepi
HRSP0002,Le Meridien Lav,Podstrana
X9196701,Split,Podstrana
X9225454,Amadria Park Hotel Andrija,Sibenik
HRSP0027,D Resort Sibenik,Sibenik
X9562042,Salona Palace,Solin
X9635992,Cvita,Split
HRSP0033,Dioklecijan Hotel and Residence,Split
X9371530,Fanat,Split
X9170539,Heritage Jupiter Luxury Hotel,Split
X9613650,Hotel Ora,Split
X9363656,Marul,Split
HRSP0009,Marvie Hotel,Split
X9431179,Palace Suites Heritage Hotel,Split
X9140175,Radisson Blu Resort and Spa,Split
HRSP0040,Hotel Medena Sun,Seget Donji
HRSP0038,Hotel Ola,Seget Donji
X9104264,Hotel Trogir Palace,Trogir
HRSP0041,Medena Sun Apartments,Seget Donji
X9016456,Pasike,Trogir
X9112425,Villa Ruzica,Trogir
X9169814,Villa Sun,Seget Vranjica
X9076244,Bluesun Hotel Alga,Tucepi
X9078774,Villa Rustica Dalmatia,Seget Vranjica
X9165378,Pinija,Petrcane
X9377037,Budva,Budva
METI0010,Falkensteiner Hotel Montenegro,Budva
X9617568,Hotel Kadmo,Budva
METI0002,Iberostar Bellevue,Becici
METI0013,Iberostar Slavija Budva Hotel,Budva
X9361273,Montenegro Beach Resort,Becici
METI0004,Iberostar Herceg Novi,Igalo
METI0026,Lazure Hotel and Marina,Herceg Novi
X9401561,Palmon Bay Hotel & Spa,Igalo
METI0024,Blue Kotor Bay Premium Spa Resort,Kotor
X9445202,Boutique Hotel Casa del Mare-Pietra,Kotor
METI0021,Carine Hotel Kumbor,Herceg Novi
METI0020,Carine Hotel Park,Herceg Novi
METI0007,Heritage Grand Perast,Perast
METI0011,Hotel Ami Budva Petrovac,Petrovac
METI0012,Hotel Palas,Petrovac
X9384263,Monte Casa Spa&Wellness de Luxe,Petrovac
X9401858,Hotel Palma,Tivat
X9371525,Regent Porto Montenegro Hotel and Residences,Tivat
X9633158,The Chedi Lustica bay,Tivat
X9421658,Bracera Hotel,Budva
METI0025,Azul Beach Resort Montenegro by Karisma,Ulcinj
X9203845,Hotel Park Split,Split
HRIR0004,Valamar Riviera Hotel and Residence,Porec
X9135066,Amadria Park Ivan,Sibenik
X9133700,The Residence,Podstrana
X9074399,Viktorija,Trogir
HRDB0020,Hotel Supetar Cavtat,Cavtat
X9018913,Residence Sol Garden Istra for Plava Laguna,Umag
X9225455,Villas Kornati,Sibenik
X9332218,Apartments Bellevue Plava Laguna,Porec
X9097279,Valamar Collection Dubrovnik President Hotel,Dubrovnik
X9114042,Atrium,Split
X9590956,Prima Luce,Split
HRDB0002,Hotel Cavtat,Cavtat
X9221403,Villetta Phasiana,Fazana
HRSP0005,Bluesun Hotel Alga,Podgora
X9540801,Villas Arausana and Antonina,Vodice
X9165029,Heritage Hotel Tragos,Trogir
X9066323,Nautica,Novigrad
X9014485,Hotel Parentium,Porec
X9014930,Komodor,Dubrovnik
HRSP0017,Bluesun Hotel Afrodita,Tucepi
X9018909,Hotel Sol Sipar for Plava Laguna,Umag
HRSP0020,Bluesun Hotel Borak,Bol (Brac)
X9365437,Hotel Albatros Plava Laguna,Porec
X9116797,Croatia Cavtat,Cavtat
HRSP0043,Valamar Amicor Green Resort,Stari Grad (Hvar)
X9475001,Dukley Hotel&Resort,Budva
X9090709,Grand Park Hotel Rovinj,Rovinj
X9684664,Iberostar Slavija,Budva
HRSP0025,Bluesun Hotel Maestral,Brela
X9436779,Hotel Luxe,Split
X9703607,Hyatt Regency Kotor Bay Resort,Kotor
X9196986,Hotel Splendid Conference and Spa Resort,Budva
X9114044,Riva Hvar Yacht Harbour Hotel,Hvar
HRIR0008,Isabella Valamar Collection Hotel,Porec
X9191371,Amadria Park Jakov,Sibenik
X9112479,Croatia Cavtat,Barska voda
X9617313,Stella Maris,Vodice
X9236917,Osejava,Makarska
X9329982,Hotel Mimosa-Lido Palace,Rabac
X9331821,Hotel Materada Plava Laguna,Porec
X9616561,Riva Hotel,Petrovac
